case,family,run_id,model,variant,baseline_verified_recovery,baseline_value_pass,baseline_schema_pass,verifier_verdict,retry_ran,final_verified_recovery,final_value_pass,final_schema_pass,baseline_tokens,verifier_tokens,retry_tokens,workflow_tokens,baseline_reported_cost,workflow_reported_cost,evidence_dir
customer_key_rename,structural,run_99620d92f10b,opencode-go/glm-5.3-flash,max,True,True,True,PASS,False,True,True,True,19093,20482,0,39575,0.00379551,0.0077424,/home/ifrodostein/work/personal/micro1/driftguard-v4.1-preflight-fix/evidence/runs/customer_key_rename/run_99620d92f10b
customer_name_whitespace_drift,silent_semantic,run_3fba697f694c,opencode-go/glm-5.3-flash,max,True,True,True,PASS,False,True,True,True,19910,26885,0,46795,0.00363472,0.0089494,/home/ifrodostein/work/personal/micro1/driftguard-v4.1-preflight-fix/evidence/runs/customer_name_whitespace_drift/run_3fba697f694c
order_customer_key_offset,silent_semantic,run_4db52ba7cb96,opencode-go/glm-5.3-flash,max,False,False,True,FAIL,True,False,True,True,57871,44742,20042,122655,0.01710853,0.02928702,/home/ifrodostein/work/personal/micro1/driftguard-v4.1-preflight-fix/evidence/runs/order_customer_key_offset/run_4db52ba7cb96
order_date_timestamp_representation,representation,run_a19d1612d81c,opencode-go/glm-5.3-flash,max,True,True,True,PASS,False,True,True,True,13318,17660,0,30978,0.00340541,0.00792858,/home/ifrodostein/work/personal/micro1/driftguard-v4.1-preflight-fix/evidence/runs/order_date_timestamp_representation/run_a19d1612d81c
order_date_year_shift,silent_semantic,run_616b03fc5bc9,opencode-go/glm-5.3-flash,max,False,False,True,PASS,False,False,False,True,26076,38335,0,64411,0.00603603,0.01377975,/home/ifrodostein/work/personal/micro1/driftguard-v4.1-preflight-fix/evidence/runs/order_date_year_shift/run_616b03fc5bc9
order_status_label_swap,silent_semantic,run_aa817a57b998,opencode-go/glm-5.3-flash,max,False,False,True,FAIL,True,False,True,True,37325,29543,18371,85239,0.00694387,0.01881645,/home/ifrodostein/work/personal/micro1/driftguard-v4.1-preflight-fix/evidence/runs/order_status_label_swap/run_aa817a57b998
orders_key_rename,structural,run_88dc5f4c9944,opencode-go/glm-5.3-flash,max,True,True,True,PASS,False,True,True,True,8117,29858,0,37975,0.00214049,0.01116411,/home/ifrodostein/work/personal/micro1/driftguard-v4.1-preflight-fix/evidence/runs/orders_key_rename/run_88dc5f4c9944
payment_id_prefixed_representation,representation,run_debed658deb9,opencode-go/glm-5.3-flash,max,True,True,True,PASS,False,True,True,True,51191,41078,0,92269,0.01439995,0.0237998,/home/ifrodostein/work/personal/micro1/driftguard-v4.1-preflight-fix/evidence/runs/payment_id_prefixed_representation/run_debed658deb9
payment_method_label_swap,silent_semantic,run_b07801c8dac3,opencode-go/glm-5.3-flash,max,False,False,True,PASS,False,False,False,True,34533,26748,0,61281,0.00887472,0.01812738,/home/ifrodostein/work/personal/micro1/driftguard-v4.1-preflight-fix/evidence/runs/payment_method_label_swap/run_b07801c8dac3
payment_method_rename,structural,run_0bbc1026e2cd,opencode-go/glm-5.3-flash,max,True,True,True,PASS,False,True,True,True,15058,24659,0,39717,0.00262637,0.00767078,/home/ifrodostein/work/personal/micro1/driftguard-v4.1-preflight-fix/evidence/runs/payment_method_rename/run_0bbc1026e2cd
payment_order_key_offset,silent_semantic,run_2cc65889201c,opencode-go/glm-5.3-flash,max,False,False,True,FAIL,True,False,True,True,31667,33521,24246,89434,0.00531063,0.01671802,/home/ifrodostein/work/personal/micro1/driftguard-v4.1-preflight-fix/evidence/runs/payment_order_key_offset/run_2cc65889201c
payment_unit_drift,representation,run_7b90ca0032c5,opencode-go/glm-5.3-flash,max,False,True,False,FAIL,True,True,True,True,19265,30800,17293,67358,0.00484741,0.01394781,/home/ifrodostein/work/personal/micro1/driftguard-v4.1-preflight-fix/evidence/runs/payment_unit_drift/run_7b90ca0032c5
